policy_period,avg_before,avg_during,change_pct
蓝天保卫战时期,63.12824025289779,49.00231611454239,-22.37655300031427
十四五深化治理时期,44.00336275746112,37.23498105034174,-15.381510145998442
